{"accuracy": 0.8688524590163934, "f1": 0.8787878787878787, "precision": 0.8529411764705882}